"cod","green_crab","nucella","mussel"
1.29493503659366,3.38078724149251,13.4723410611139,76.2656833997282
0.448430140539066,4.4671096407637,6.42463766764867,90.1970215049346
0.177306887260127,9.24685042059844,18.2507454113519,69.3653030121918
1.23699832042618,7.26439495555474,16.2512345230851,63.8163938258326
0.841313213020666,5.59459018004223,11.7581425951898,83.9336184552474
0.432429281073922,10.4214472711245,11.1478839020013,71.5445431561373
0.420285362583117,10.2329026255507,12.273451148318,66.2834094679941
2.38627117579497,3.59816603247015,15.2041070832545,78.3660607257842
0.907201558481303,9.32487219808251,17.6164251589027,64.2144758389906
0.224572060062692,10.2734810675645,16.5808329943134,67.7796809461456
1.59069511484572,5.43875651130015,13.1446643083136,69.4175751498294
0.108862322855821,10.1274243650523,15.1609142840843,60.7059193176084
3.17681852644551,10.6339362271368,13.6710310050408,49.5419918137108
0.454985809988431,8.63271091685114,16.3315130244532,72.8242542503293
1.83719166563478,4.66147897584208,16.5373826368245,74.1515195809193
0.327744080870758,6.24669082755879,15.4651482449133,72.871716121093
0.579595726385315,11.547219870474,10.3684614538926,69.0137186954538
0.0705520247804414,13.2760343504993,15.8176542412107,45.4059089946054
0.499442900434411,13.3295300719655,16.0349588006623,57.6309349483566
0.637991204412482,11.0710574217921,14.121577822707,73.9305728349354
0.481426151719305,4.4615084377028,14.0013570945747,79.8933567817465
2.38753940781497,6.35135392244444,16.5622694391547,61.3016710940863
0.412905122974257,7.23723745732113,13.1841881496807,83.9239986815169
0.325508757361528,10.9671764090049,16.314403329574,67.9711454327771
2.88198310990196,3.91124833141158,13.6530872673835,73.7149649910484
0.5508350243838,16.6572500981485,12.8671767249059,50.1882513385244
0.36073740428066,11.4907475952948,14.7539995808112,67.2552157094979
1.87135959045004,3.67931390295375,11.3608766731331,72.3817075782868
0.357446509939692,3.84859234696176,12.3735796541574,91.7811919490924
0.264572769880579,9.9327202956372,16.2492568170908,61.8164788161434
0.520845467183268,11.491260774459,14.8673420454935,51.8033808349035
0.244132307549025,11.7981158750658,12.3634920685398,68.3122515929405
0.276482600265052,3.04973688853672,16.2951602249389,87.9147419917226
1.26672238870974,12.5091218118077,8.3105773516026,49.6324070999442
0.871909375800905,11.6072426105415,10.9162243982987,65.0394531332363
2.19820309590394,6.88685576194823,13.2139365468072,66.826278163059
0.425619223217019,10.0520728573985,13.8404747069524,69.1165825728172
0.853112648034196,8.71619072411772,14.9503069307035,62.1340296325508
0.941472156647567,5.50540003871413,14.1193289392959,68.7560434747871
1.13970961080667,15.5852417781821,13.8987582729579,61.8462358454482
0.760067928610078,9.58067753001257,18.0809657410906,68.2304869889205
0.712414037075815,10.3723968247025,15.0178692269422,61.3778077949789
1.65891859288642,6.82582992124883,15.9020054790068,74.0417506766802
0.123798179140501,13.9549888151486,17.6637635849283,41.7372088360355
0.582339598623714,14.2165226152612,10.6016880769432,73.8315387611325
0.411406249289013,9.85072191348961,15.8951400183424,77.6251699363139
0.0186462574570972,8.27496623686589,10.8983026718043,77.0177322996746
0.853002499601188,8.98172213819106,12.4488888693513,67.341635696315
0.0566257395166748,11.8864971354069,10.9414055804997,93.2953312692133
0.278242032381587,6.04265995552374,10.2072742213696,80.2302250719149
2.39714788058005,10.5225872280385,14.9715027438946,58.9072543698535
0.0942398314026152,9.24475429278168,18.6679985069112,65.6692485258232
0.734370950994335,7.35749189347143,16.1244087450676,44.9549505215099
0.634025886278881,10.6306368982219,18.0315851650415,61.7720483851565
0.680208797822811,8.36298939553856,19.3675741758329,65.8935138922943
0.378211980748278,13.08798183129,14.6860347743078,66.6226656661023
0.0227484031030886,7.82854011762861,16.7362280463369,70.1851589263108
1.35418502759555,9.84355205580873,11.7513039504622,63.3244225816391
1.43568314388658,8.48668876462921,4.68906060129908,83.0853754377
0.703451959127443,12.1272844971167,12.2861645220135,73.5290047426812
0.657468060065285,9.73227259356226,11.1657147934545,76.1773108376059
1.05999453037617,13.5199003993378,15.2379166064992,46.9757296644372
0.437585783283058,9.00659684205672,17.7385219675859,77.9355121216647
0.0147870996244465,8.94356494439425,16.1479780993259,68.1352756841536
0.631323380678247,14.342871385648,14.867308388181,57.074926719349
1.17083621113944,9.16046882715273,13.5160363212148,61.0122238298941
0.263054756228177,14.4426113925358,13.5463824767143,46.284634681851
0.079200752702964,10.560075508931,9.91368538536908,65.7131948788903
2.16374803917301,6.48666387948728,8.01068993083247,68.9413438055083
0.532924102156588,7.19593015983627,8.9263388851094,85.2360854646915
1.04949390287346,8.18231768124298,17.0645947972797,54.3122227412588
0.819240982922329,1.14124120578979,14.7935859349112,79.023115866406
0.494446154941841,8.40302857512009,12.066763664475,77.9229203359506
0.545170407803461,8.56490074696542,14.9644642739212,65.3088075938217
0.542291486138193,4.96493630865343,16.3744241887259,79.6951963139374
0.527440449260382,9.38893820921853,13.8774534436476,67.6639543229834
1.5342781064441,9.95104149194828,8.96506124865588,63.782355204377
0.0328288416672552,13.8148511234534,8.85457781900094,80.74871586231
0.0847064358406855,4.44457496872087,13.3292352389736,66.2054987298747
0.307008095123698,3.28920281110262,15.0130046984643,77.1135435332234
1.28473447222543,10.3191777370093,15.1029952701046,61.0006532614532
0.401254327550597,7.55287127921623,18.3008151819417,76.8083383732772
4.73371587980068,4.73010805387552,8.59965940474704,86.5391751693351
0.686966609687139,9.38342351580107,16.8138296006407,50.0856077720919
0.0385968652492975,9.38593015124935,13.4868911929429,73.9552860097454
0.204219245235907,8.84743233375484,15.5452597181084,67.2085042803484
1.47564170424693,7.99905261967739,14.4347568669845,64.7412987408376
0.98178020902192,6.59316713723273,19.6631106901296,54.9397805147397
0.0245864523406172,12.9286584947289,14.313159482936,52.5720453133102
0.329489723764558,9.64277072046836,12.2545872615359,65.9252677853349
1.25731873369523,6.46311390301221,15.9639077299635,62.7642681969922
0.656682842844048,17.8369962420132,14.2664789130944,55.0735527746453
0.368828896551917,13.4645632779353,12.0051510132118,61.4491687946507
0.316392255458767,11.8972124045953,17.9363736455651,53.5524730673124
0.453498733928227,7.50809715150239,18.3419498937531,56.6598596529763
1.05202609758506,7.71206977027277,16.6283085348601,65.3001546032136
2.27179195278263,10.9121565318451,13.6623764763729,53.7084372166281
1.15029613498699,8.17584396244377,6.83628594130146,90.1754617874065
7.33038979293042,1.17607235206264,9.78794344249909,77.0406119154144
0.536100548252589,10.6640447354142,8.92757285607633,59.6080520349609
0.0909497863993389,9.17796192374661,14.3741916785099,71.2948714991896
1.07200714910432,17.0195718606403,6.36245351547024,52.653051096924
2.60009043273944,9.6270624284097,8.4259740759552,84.730320983288
0.0912266006196648,8.80922400384352,9.36227245070814,72.5266824756421
3.26103196552315,5.01485041673517,12.4290692566453,62.0042649065243
0.515050226935511,8.25015200279156,10.824821479059,48.8415917597616
0.642768852889802,6.72455999536376,15.8173915407228,66.0895000759897
0.0395999300028563,8.44062355470037,14.7846419461523,68.5994607805871
4.98678046901728,2.96635902273612,12.5624611795678,73.9141564248085
2.46994311187281,4.13893732444593,12.2003983219575,94.1775173729915
2.63588490693572,8.43566972440185,10.1979744211649,69.120629343814
0.187697151556887,10.5748693730351,15.0065683761238,68.6477736942285
0.912311066370793,8.51496532538617,14.0319932489366,58.0234599681417
0.293627240168201,11.2918234737635,17.1264017718251,59.2129565338967
0.379939085491392,9.13111822337532,12.3634568933715,45.4531306777218
1.4927485937019,8.75135469023359,11.3865960264855,44.0915164745593
0.75146175082459,8.47731471638166,13.24615402328,75.2282179326489
0.878860585132616,8.05093479035333,14.6084143091185,69.7472254383765
1.26236325043625,12.1984172868851,12.4751011525412,61.91211267016
0.663277842776678,4.65319852756304,9.51321593665016,80.0347738094375
3.12617584957708,8.75206673578035,8.45424915467598,67.2698335814763
1.95580832826013,8.69715444584735,13.8129890546194,62.7676837719805
1.67458293388504,3.48448858177054,14.6220024315976,81.8136795443407
1.04599178659525,10.4707504494478,14.7602393562352,62.6033665073187
1.11096979716258,6.37292773264841,12.717866069239,73.6569534297195
1.87845330818443,9.0454954980004,15.962905428537,56.9327765713108
0.31171559408955,10.8424096899885,13.8647667064402,63.4294903319902
0.139872624591064,7.08846624580812,12.6172673952544,69.5601986074337
0.137590236031473,14.8712311668036,7.90061899308737,67.2502988424518
0.073035301241999,10.0006027316079,14.7464506861229,63.7060458625322
1.22368924416868,11.7603078098919,13.1759893295324,49.0597658342816
0.266910342617021,7.35809818259286,19.3970889174191,74.6352453025799
0.157904361832812,8.31856305827494,12.7163679620229,71.6760894023086
0.237502294118599,8.82675632276398,16.0920418981185,64.7856616084677
1.4179214491489,13.464714730352,13.4965373201108,35.5800700702036
0.171104988653864,7.96532653516567,8.27048089055771,78.5955730058346
3.26715155635398,12.4294692687122,16.1349631345001,57.2437771180308
1.04865677503446,6.39696883721454,18.2418774377223,67.001545162946
0.683385056765659,12.1423014248514,11.4088276307631,74.2850290682442
1.16386956370928,7.78950826247569,15.5573227913628,63.6979600294168
0.641312555074186,13.6732093136978,20.0278489132284,49.8625842879845
0.0820908316889732,7.06313045864448,16.6895465505483,70.0509870931474
2.34157023042071,9.19296657928029,11.5529987237362,77.925433313165
2.62105984097644,8.88451597656045,13.2835599286148,69.9349764090619
0.90214856140149,10.5434358541559,12.8926831507015,66.9299937049038
0.123348766243885,13.8225732486333,12.0418385862904,58.6603372930098
2.69141344180667,11.4078765693953,10.6319297283335,66.0755019560366
1.42958853127692,12.331283478802,11.7775212116317,48.2609078119309
1.25520332569097,9.56880090845119,12.9962085580803,55.7151198537226
0.905552330796253,8.90107757794524,14.007093787796,62.9298201459949
0.341649324148363,11.3238426833992,14.1339773109823,79.6980496160289
1.95884440054439,13.0146381015759,5.64559743810173,77.3152947274765
0.472217878305259,3.99572806381893,17.8118589696843,73.0324592016638
0.498458306670311,12.540766757739,12.801185600067,65.7879273493802
0.571457277698332,6.04244068487154,12.0455513880394,76.8438836932729
1.85435787116769,6.84953661566523,13.7433157178739,79.0530759268145
1.57182762254975,11.5749013945437,9.17370918261886,72.6371024338986
0.791836746351459,6.32525145817087,17.7386574239432,71.2199966226446
3.4888505723951,12.2139278540147,5.94922238397351,69.7362504688937
0.646136558124645,11.6004733465816,14.1155362464228,56.5981126071308
0.0164234801188883,8.75046799894529,14.8322494804646,47.1861001752632
1.69150480319018,5.75911423558252,11.487585768723,69.0894712086517
0.794903950936243,2.78140108734441,8.34243428566502,90.8192983362134
0.195136996187062,7.01109841323781,13.5460876348664,86.2602469810875
1.35467662769729,7.8894684390878,12.6567682528898,56.2998558464102
0.49407656910472,12.7296904074877,10.40934073481,65.5575017661824
0.524976881424477,8.68513933633521,9.94498249449637,72.2727441864532
0.0362259265230996,9.48773170045453,12.5680433777075,63.9467550005242
1.8802101625661,6.82191904420844,14.6327042074594,61.7184036743822
0.181865260529118,8.88667826771696,14.34384907726,76.4462541648219
0.506372221752688,6.00421217115323,13.270321232902,69.1607605640792
0.00191538977672,9.71372552074932,18.6316187272588,63.91619047595
0.783489793514192,8.26264726430413,14.7739834880289,55.1605611656347
0.763400724891634,11.2289553377862,14.1048167746575,37.5838594483539
0.42405494579191,11.7282711845682,14.2623451553105,55.2846749069389
2.61536961145318,10.6049231709178,3.69484842657713,78.1574815985206
1.41006661375545,11.7589179934888,12.5365170672052,51.1686037282262
0.124974221005004,12.955073127614,18.399494231019,52.9894096173179
1.20807885218057,4.02192966465132,18.4347294634265,68.1433533983153
0.995195899623262,8.31477863327471,12.9102277557671,65.3385337124144
0.251602132353141,9.32169115297392,10.3355524717683,73.4189432452578
0.174782707832744,4.69752537532123,14.4537749299086,89.8685841418458
1.22655674147566,10.6238528365799,11.8341649003085,73.7223783900919
0.166761999342275,12.272982553916,14.36492591487,83.4272160879763
3.08001315071636,8.73457019052434,10.3212304626792,63.2554016663633
0.0581191874478465,11.3646265139723,10.1784938926944,67.3188986921268
0.820742013744448,4.57261398108845,12.8786815009275,65.0777988659335
1.1522443384065,15.638998809016,11.4081612490771,57.7143679292733
0.276709855771488,6.65567490465797,11.869767391523,59.6360426136135
0.0174371809583066,8.80720340984523,10.002277061311,74.646681679159
2.24778368286808,8.2764653867189,11.2800278676002,62.3648472402819
0.0809121394062075,9.73667114924481,18.5287729202698,69.5592032075372
0.349140325592193,10.5768649828944,12.7828549375532,57.4214535048419
0.0546301847530447,7.24479776072895,13.4214824819219,70.5278836159406
0.199199386808022,12.0287931423612,15.9152480927328,66.5747271388173
1.27328955637508,6.83556743858305,15.4159370745949,80.6046694278998
0.703699615121478,11.2173746988112,14.7927141251867,57.8005072860715
0.713980229340341,12.0103445562952,14.4807065921961,53.8350611497405
0.828788065573387,5.01630603720211,8.27564826916155,62.9622001102943
0.334492310904928,8.78226794480894,13.0487908405596,64.7619035812675
1.06980396408216,10.7141111145509,13.6149784100611,70.6925599240058
2.21146168451649,14.6684661859775,14.2956886042141,50.5661638789888
0.156817939635318,10.6590960120439,17.167869544667,60.5553975349852
0.806714966671393,6.75752959351025,6.86304149882389,86.5888853321702
0.174830811260195,9.96322955696631,12.8329383606437,69.5771372125096
0.0536271948186312,12.764347732817,12.9762615178381,47.5579113785811
1.00798002131339,5.92564402171066,11.5700686174241,84.7773428437965
1.35003245938422,10.2616867054011,10.9192086428425,63.8315039695367
0.333308582531382,11.2166731757938,16.3613557502815,67.2557176846212
1.45068653325453,5.06361998910082,8.12135600135147,87.6385366201386
0.291991851981297,9.54607105936351,13.9338443198005,57.2631074337295
0.548598292007523,14.1727748177001,11.7618945978191,49.9229756513523
0.044924895516275,12.4146833093083,4.57097374618231,70.2481895788865
0.377577031313397,10.7727192016878,11.6059082695301,62.7054901750531
0.76388964823366,13.1008696855112,12.8683914423705,71.7863302330389
0.205581646612431,7.77289869715411,7.8974156680061,82.2877475141007
0.311371729949661,12.8207380940491,12.0414949512428,62.4358916102298
0.66235899689293,6.25919171494569,9.91484510930391,85.7625044365901
0.171537608242842,14.455220356377,13.6522378999428,44.7493895440323
1.03379624444853,6.66704891391202,12.5500125968227,65.8147416900777
1.41604824129166,7.46024170594868,13.9404767282745,62.4431750415005
0.840890163233957,7.39191539854542,16.7206433068698,61.3713732062425
1.91289853457757,5.18392263604467,13.764220917473,86.1906543067817
1.25513054950715,7.26728080693706,18.6541526127878,53.0060634625247
0.273345086840529,6.47077961841599,11.9195379889094,71.758028087604
3.45845072986315,9.87878110048442,14.9025588101156,43.8368579160709
0.896414579126032,8.85433348645946,14.8199472482799,76.2275015859475
0.45112458800677,13.8077950566389,19.5042345870023,63.3062314736713
0.656766529980987,5.57259041373704,11.7452028668088,66.6894468440021
1.75062984290378,3.78870006532813,15.5499139690573,77.8710662048847
0.155473819447191,5.95437697332101,15.0914124125827,62.2680353113362
0.653815969258367,6.41384278091242,17.8699449219348,66.9858717018919
0.661993043261079,10.5130125365161,11.8954186296832,74.4570318782451
0.190618824673342,7.97672547835133,14.615964156603,77.6798257962849
1.40262819299671,8.39918093668009,9.20299043813901,68.9439020886325
0.481572594232265,8.38524152310382,13.7121482681508,65.6639743655964
0.267053518450498,14.588015546427,14.1056442353875,60.4729192286689
0.892772574522818,12.2774616718393,13.0881793270668,68.1735949205176
1.31335011198751,8.80240759891451,14.4115977254205,52.405362137854
0.120667744321414,7.28581116743574,18.8662952365262,62.8338336536933
0.202715418730124,12.4764279218613,12.4561390590173,63.3614638469479
1.90301474585294,12.0603177107825,12.2234778199191,61.615478302166
0.0524035302795578,9.94472973538479,13.128574969211,53.6970496991484
0.214429793227831,9.81771549742938,14.5047312991373,74.1410729116891
1.09718568349278,3.97640066818925,12.9028958695445,80.7192897848587
0.0921033416165764,6.02508189732444,14.6009351659579,71.0528390072706
0.228822222527446,10.2873573190829,9.84985947539296,70.4348168822911
0.2994600184272,4.24281813956669,18.2132325899804,56.2478656407129
1.45126194127153,2.96426284554909,8.2852824491979,74.9621723529292
0.241681312332369,5.6456757456741,12.8339776474084,78.1985422011157
3.13085487421656,5.34581448005171,9.68484412222348,74.3418533496713
0.414577543365978,12.6762392428049,16.9232317178845,42.5840552535194
3.06055913925853,5.83558414155165,13.2240983624244,73.1227991129347
0.424947364524604,3.95581652372261,17.4457936925016,85.0957343581599
0.181684461003629,10.114469665786,13.6616374496251,48.9028495940734
0.102053607503403,11.7071270871851,11.6502653696838,60.7126303897777
3.12332713037445,7.59299111329529,12.3227039662415,52.4619569958188
2.3886250955804,8.65270445916114,7.89574093624565,84.7615284656555
1.9951510822214,9.57949048788559,13.4249520921822,81.4796936160522
0.621745070886523,9.91801601009906,11.277810766761,61.9020856596708
1.06427308264306,9.73528012901967,15.9932642311945,82.8851273688585
2.09030801368739,5.56967706115902,11.667422417295,94.1900468877549
0.543244454286188,12.2290523882668,8.87112838210329,65.2113329337461
1.39378688547016,8.00242205186294,10.7036557870608,63.6808577830039
0.758939521062198,6.2737324906207,17.3368101813954,67.2430018458794
1.49317114659378,9.6355584250297,10.7213610078443,65.1510315522196
1.06464019334606,9.94921689957482,10.4852350316112,65.4330634609526
2.85269874323475,6.29703078878183,11.5861310552375,57.2124468236278
1.79731272526995,8.15563136710318,9.67120902243787,84.5170199399112
2.88873546696248,2.21036056344338,10.7945504084945,74.634749904275
0.319163985900779,9.49777975214574,8.84489327866349,75.8478759438346
0.434710309250304,11.9356992873988,12.6765200422599,47.4612127728723
0.546770174120951,8.87660647217683,16.5264092556059,67.2735385045922
0.127216436137396,14.3210254043343,23.5769811279749,55.5494186948265
0.355284897828316,11.3682101604165,20.5080239749945,52.3075436932225
0.198496876780488,10.5663209508521,9.88642132177655,73.3564434938957
1.13744091747129,13.8068002631054,15.5372219600746,50.1272002739471
0.206510809374231,9.46674096379079,15.1296970619108,59.6716017624858
1.316745447449,5.78445884308476,10.1476793411838,86.4474867463117
0.536998176199192,7.33138623044376,17.2780261472533,77.5164917927138
0.205270583408072,4.43683030489609,15.6392425045144,80.6484425199635
2.80079584627692,6.58977035667113,15.7810350721885,63.2299050507794
1.26420411696189,13.7494625010359,11.4442980044475,55.9546912071309
0.458101728102938,13.8718139057523,11.6233756364851,73.8047037462472
0.320207166725585,5.95281079385938,12.836304232157,85.0749237139113
4.11208852316606,2.59509372073543,11.4215831712879,70.0449301961318
1.92682119875828,3.50066966776954,8.93206968555653,73.9852550856956
0.149356334882368,15.7217528439677,14.2868906743384,49.558417191787
1.6034749714627,8.37991217591151,10.7673723081133,64.1920125147858
0.10500357950778,11.8178020957814,10.6355382291827,83.6643159400139
0.585844690489832,11.7869445089712,10.5828513818276,64.0535922992568
0.570342990121401,5.78054155176022,13.3268501101801,77.1360515571507
0.471814385966255,9.43833220005006,14.514160013082,64.8335821017012
0.105064221535647,9.40353822679818,13.7454288870862,69.5514621133503
1.35143512855395,13.2678542007188,7.2789831951718,55.3062239672351
0.345732365957561,13.5518706468844,10.8872466249536,44.6559358951579
0.58861691110603,8.13653827249566,8.31356464356312,76.1902243127348
0.815718744385807,13.0193385599211,12.3656913669671,65.9965666846619
5.03487641643374,9.58137710157869,8.62824672042846,72.0443521912168
0.97401837826531,5.79882705482728,16.724434668881,59.8030694888226
0.326121422166354,6.10691331661444,15.1607914639808,84.3830060830907
1.12984883051391,7.80360069439014,11.3029177983759,56.4871087937473
4.35708746779567,7.7028682910033,9.87497957884867,68.6759427382222
0.178276516418373,8.16847821983596,16.7726936316013,68.6544107692561
3.03932778144683,13.108991836592,10.8200108578876,64.060083987695
0.82055408957562,8.27558178084366,9.67684643690446,77.5552953885681
0.433174777915759,10.7567540936277,13.763145624456,63.2538627950377
0.483978401001154,9.46476240377677,10.0203257055031,77.7473823131025
1.08031987404214,11.2033465781141,10.6293333256624,82.6235374184016
0.955547875986767,13.5463246574586,14.7183008896962,42.6863342731054
0.474292688323587,6.37245653119496,12.1004363072221,71.4755677488256
0.564423070782186,9.80123863299403,7.95696888513597,72.2329831988749
2.08033460018606,5.55912948799632,16.2633215534184,76.9492786093474
0.125295524143096,3.18953625936714,13.8051396590475,51.4689898479245
1.50993372948595,10.7589401101774,14.8225279735397,57.3642525013076
0.0523667478687172,9.14409153063522,14.6334065261223,80.7968850926384
0.143872187083418,7.67856135380251,9.95198268328315,96.3452930135818
1.88329104074133,6.41531259365595,12.4092648235082,63.8856671540175
0.184568194716729,9.43741267602918,16.6572878201017,52.717000047417
0.695965804818324,9.26268027574487,12.0347791835381,72.8483293084293
0.247675726256725,8.92837647325818,12.9720762140865,58.4698816014554
1.51023590117876,8.30423968471299,12.5042959309454,54.6994019136227
0.856839031850754,7.38433443466301,9.14362445056296,71.7556906512996
0.73985901352251,12.9165770682295,14.2349520589099,58.4657088085964
0.630318376225857,9.3825381456077,15.2848800369537,73.7250707548815
2.92667483807175,3.77001346507504,13.4434972078505,74.2432270702483
0.00382290940468181,10.0463614264253,15.1466261527858,62.860612565171
0.7550367453732,7.39925599434272,21.5308252297782,69.3695472529794
0.363670016427527,8.58996505057108,19.9480152819914,70.3200786590835
2.81584501191521,7.34031516653821,11.637109255199,55.325928556286
0.18181663647081,6.78957474105881,10.654760973217,81.3134974749903
0.370812435716485,14.4979198844071,10.7658421257043,70.0555752930436
0.912952960712774,13.555741132276,8.3939206128938,75.0260176410265
0.758451696394785,8.55793655871136,19.9702246602973,55.0543056216033
1.62253126914967,6.05366533918164,9.61532666004709,77.6250586778667
0.656646642461464,9.4934428903415,15.655542394594,71.1257310946918
2.03905728734921,6.71852941956252,12.2180702363741,68.4447084463648
3.23172811546196,13.0568496652994,7.43397448672426,42.9537932966922
0.423130227398403,12.1808504939944,11.2576417714342,82.019160462579
0.845556811199928,11.9392659345112,8.07551911324497,79.6180054323211
1.96987734204975,7.91456038107626,11.8457148859565,56.8397497800691
0.11717395245825,10.5500191295043,13.9642228971568,65.8166929667584
0.369123104368902,10.747245699384,10.3721283339557,52.8218799989745
0.94807976927282,10.2207637552338,14.3633498903014,79.5279076278202
0.364582823995932,11.414068915385,16.7636299054119,50.4925276392031
0.448375347176445,10.5240057159638,17.5410031747523,50.0246565006546
1.40510118979289,4.4188959627352,18.4023167196526,82.193088712454
0.0536751630273341,9.25441269496074,10.3801267698509,72.7377755238197
0.207127677905138,4.56493559189047,15.8376192727785,68.4145413692246
1.33812702925393,12.1740399144895,13.7520326383334,64.2919061902422
0.367389165592176,9.54202569391891,13.5081511569726,68.0366301364499
1.25248726328085,9.40884620138293,12.8216761290033,60.6283586266728
0.241118481552964,5.98360898746845,18.6085694138014,80.8676861750745
2.04325202934462,2.23998514599898,8.31512941683611,83.6663154967008
2.62448742131497,8.72528590612038,12.8355923636823,63.6399396421817
0.279771199865474,14.5062472849171,15.6686285394761,50.8129995068161
1.20110540955186,5.70758343503937,15.9883873163983,56.3166316325301
1.35431067583276,8.98496498200291,12.1829881308923,73.1467137237582
1.09776714132859,8.54548675469134,15.8168216120607,63.8363308899838
0.105647376606196,8.33596033706738,9.96709890011431,87.7931987354474
1.56457416679009,4.5579545419243,13.443850650975,79.2357115159551
1.57608609191116,8.80500870008132,13.3538058647966,70.3788817972577
1.1731080783664,7.02226351193919,12.4885491222018,71.1686301910895
0.243134939583242,6.66106215852608,13.76992869168,63.6949320251415
0.00486190519130612,15.6335828534871,11.0079617890777,49.0563410187421
0.146270751501776,5.86622271307847,15.059115578772,76.6312800645247
0.236811017200951,6.43511578037673,13.0990658033637,83.5851614117717
2.56759842996333,4.82918231602132,9.83832716305907,74.3265070485306
0.811037673819432,8.68390047994378,16.434176297126,58.4275648713785
0.440776218845208,10.6592536015078,13.3554214238176,69.7512904662644
0.304401377577824,7.79552484720321,16.4283765353368,74.9665291777351
0.906618365583144,9.78121752104373,11.9694205737256,49.7346468212775
0.227967632343137,6.43963739244095,16.2495506306615,67.9486950257446
0.0937668830638942,12.2671389225311,13.9045786352658,42.2163579281563
0.0157527805688357,12.8659303241114,7.81349632279738,69.1786356458749
1.15697539741438,8.42063035591218,16.5578083041489,66.3613180574395
0.320693691315263,9.58696819691596,11.7894347850304,69.8383958480083
1.557060654158,8.80528715597655,11.5126212173708,68.6941330958916
0.00629401521352535,14.7813472750949,16.0155437380322,40.5405552723428
0.524426986821898,4.24847454778413,14.6801879848757,62.176355340863
2.92892938651507,5.09423753952396,7.11671765605061,66.600379676339
0.0191718754141581,9.58904348898155,17.8843338057835,67.1544111491187
0.436490579270772,5.6180040653877,11.8062782579178,72.7609994940836
1.10279826899549,6.3692549312186,13.3020991647367,62.1403208887756
0.745040550101687,9.43520741598982,5.20998721468083,59.1387440405449
2.63348500290827,6.17440168908817,10.669956635488,86.5287372870037
0.401907472339522,7.20327085536168,16.4502557703554,72.9947976660136
0.842929284491716,9.72386853369716,13.8979180007601,61.6215722943728
1.65542816549601,12.9032941311412,10.5156501046231,49.5006015113758
1.85201809563121,12.1815983567535,12.8133847871481,47.1293789090598
0.201791154913444,13.0756178106138,12.5452050297901,51.210224479157
5.59412385248521,4.10438228423494,8.86828341256133,68.9370811047266
0.8884555661126,6.90856555105815,11.1296047077575,70.7354965793787
0.153241464132486,11.1719407111712,10.6552836726207,88.1398302119121
1.58136671545271,10.0187077389303,9.80772727670463,76.7518481617541
0.825280974081947,9.12309613268704,12.0804855593741,67.7476104861043
2.59395685158608,9.95106037166167,12.9901133857781,53.7524798838379
1.00897663948363,7.27571300216247,11.2003695672694,65.3623540956359
3.20959498187366,6.43888458928213,12.1955926443964,57.886333841189
0.805346725015993,14.5952641921434,10.0941268622624,60.4626327916279
0.312771895301885,10.441374165276,12.9677846979717,67.9419432384749
1.21481401315271,11.6147493190047,16.3775568766315,78.86823713587
0.599251335785027,11.4710972317703,10.7221361703434,52.5371812365053
0.122415698483081,3.95356920029383,13.5861642861101,75.8537601458568
0.760116300774146,10.197243271342,17.5007350678587,68.2808027747408
0.30390661157365,14.6055570041036,11.1820051741602,57.0068621101725
0.917749837742271,14.8426467401242,13.2696358440941,51.387713628624
2.56287391733305,9.77868791811392,12.4898627804437,50.8632188371987
0.141954559110559,8.66155438999574,9.93899711657911,64.0143150035171
0.439340807514066,12.3711659473441,8.20013742188149,65.2969670859632
0.210718034083018,10.9416463105604,19.8989609875623,72.106036695765
1.69449282948648,9.77637822127205,11.5419782577433,53.1484808847023
0.57440459484224,4.16344165207163,8.10589967048717,83.2671787922469
0.373668696832157,4.78138920423193,14.8322243894202,94.088106332645
1.13746253816305,8.87369763175355,11.4796476435568,69.5963544461204
2.93828426117012,9.62338232978708,7.50211931636589,69.858651066231
0.46982647881017,10.412561664894,16.7151995325459,53.0295473551804
0.649393742719195,11.554945575323,10.1004947735073,64.1638425234774
0.535571023673872,8.41725055952474,14.7784869671875,77.3463234985058
1.00248090851757,11.1378034911648,7.79455666354098,78.2941824863887
1.41382401337002,9.32590190012911,11.3341321849073,65.7225117941817
0.180933915701522,14.3508646972571,12.3448585787323,43.8563035046565
2.10975930205362,9.23163302220829,12.7367671884769,57.6002963191811
0.241349781456001,8.65441164111681,10.7952115224728,96.0702537330359
0.685896702124343,4.97813850450438,19.5556058721799,67.4190872333714
2.39360962806705,2.59834530324567,17.5072643092951,36.3974227772012
0.435623005823549,12.744308338695,14.7436293536409,58.5306655110797
0.25973072005056,7.52945710030588,19.7522501516904,55.9129588741073
1.02652346259759,7.46927099060054,16.1670105502303,64.5006079946309
1.76416721694183,7.36167307198459,10.2004044224149,67.1879196360523
0.540943350439048,9.11146201143137,8.76479308224228,58.3509182844498
1.2556322881909,5.51366898323629,13.899981875254,80.2732759109581
0.718005771432123,9.11819704643923,8.18917937844328,67.415689758775
0.237781741115002,12.3821750759238,11.4831727582467,47.0141193921179
0.556248757162843,3.94499327402372,16.2647825078005,79.4391282434026
0.433623812924857,7.1638234365111,11.5995683562825,74.8618558716447
1.31982629223769,14.334136791475,13.9158034329505,49.8356100093133
1.46939493915892,11.3710147604229,14.2419390607387,59.1871832377264
0.792596709698913,7.77690479697108,13.1560969552345,72.4926220592049
1.81938362544884,4.0832141257282,10.9095469943565,71.6254724629591
0.146773815314689,9.06191758159631,10.5872337168692,73.7087095713686
0.87317832177492,12.1872269132813,15.3907412674509,67.0612581870053
1.08355703783401,7.29260746792479,11.7835073595576,83.8679539380635
0.196216497769836,12.1085068967319,12.8576358647218,62.4693177308738
1.77113656495487,5.98756661025472,6.15268454440947,71.6995565421842
1.16777886153736,9.85435813788196,12.2408805409907,71.9489397483818
0.45458913611048,6.47717578864682,13.0468568642621,73.7950819813667
0.0364902265752175,8.78474295881183,12.7263965663193,86.3641255801675
1.11072413006558,8.20124613147908,16.1430028658848,69.6137630099565
0.298781761155203,13.3652827890048,16.7680638940571,47.9793945062775
0.323251760384927,13.8963094721611,14.2490391053552,32.942793826703
0.138247766440852,13.1339352757544,16.5619002451889,67.0595813438947
2.19506268533796,9.58409193270375,7.78868466041874,55.6576336310366
1.34125931395586,14.8824828247393,10.2017488974032,52.1742783306545
0.47741723613022,9.05574227760529,11.2457400327204,59.5379875284718
0.369479827867179,10.2003657994459,11.9120333559848,59.106268555007
0.483029037992298,5.29895656909591,15.326048835897,80.3268605425426
0.586412422993306,6.96361648074015,12.973230137422,86.1372175199044
0.0949953302333633,9.23549515884302,16.3563181252276,69.5205219643128
0.214455687380364,13.0224749063458,13.5175630656694,58.0552075211755
2.61143748320782,3.1928109065667,13.2853545180596,73.9546451250117
0.418861886889817,8.86714026367156,14.6155901957288,79.7950175146203
1.61778721752586,12.3363547610844,12.3152563400534,65.628288329868
1.03027919680193,6.27142678623436,10.6549027728667,66.8807271792382
0.86785443009217,4.23953090744567,9.2338512891157,74.9425096295321
0.260773189766656,11.2225353722133,15.0774049228932,67.7623208685206
0.120439728328607,9.40557604512613,16.6663192524861,66.7354919701498
0.34634293678482,8.06779100828533,16.0197766095867,52.6197150596455
0.247691011927937,11.2226403350963,11.1098778817507,60.1863602394676
0.250386668651146,9.95527056997193,14.3312138981585,64.8833579060428
4.26340042799651,6.58384292966543,10.4329680542761,64.8168067641819
2.44549674683526,4.79748635805958,7.37995472327133,97.4948993177145
1.67275885070502,5.97757992977581,13.7234898815756,75.157304999342
0.055343920226476,8.52053724415967,10.6695498843222,71.3717991683811
0.349485413792455,8.81947219213847,10.6493115288627,61.5968830911734
1.51793191908092,7.20548970217637,12.4933557898303,66.3474602962492
0.567957878356066,12.8851568669177,11.8779628359964,46.8782565241971
0.127127493837115,8.54485723782138,13.1132181532321,62.315986354031
0.0037586057481081,11.3592246459321,13.1432030891853,74.3839494886183
0.218080709542784,7.03732272132001,14.5433330020968,94.5260437649296
0.770179477030434,12.1797838493692,13.8320391442824,55.819521171966
0.290662136165781,0.89159487612241,14.430976264828,80.9872407184007
0.943434487627368,3.73558405560449,12.7794855728826,70.4866187325753
0.462447591916389,14.6337478325985,14.887458277074,73.9522858901703
0.293561008667491,8.306837922145,12.6187482086249,62.4832522975832
1.07040372003592,5.60836038187476,12.4624941682398,67.7608907668365
0.846338607034731,10.9827121080589,15.1022989967255,50.5761804742501
0.129642440748041,9.00113888056103,15.1299953473979,75.226981784489
0.263363304906904,10.4762637082083,12.9363981877675,51.0301571765458
1.83188784877953,7.25626748617084,11.1219880388263,61.6952853159329
0.10889038825649,12.1020687043435,10.4748530830352,58.7100782027344
1.92993922209925,6.86703090714178,17.0681899218579,50.0693069857177
0.969101183423035,15.0090223538838,12.9978544095677,37.4286640666025
0.754483135483325,9.32872373439756,14.0671347370339,49.0041454233729
1.26169619399169,9.59664955230706,14.6729647256371,43.1137815204703
0.127445654791338,1.67476899664312,14.2987659559648,77.6309487569738
0.554879486909204,7.26275601971484,14.1044349859249,69.3401491580745
3.37265171661609,2.32628383876125,10.8335920098137,79.9240632955571
0.385723703131795,5.59743927498206,12.8314247699187,70.4328317422838
1.39580442196619,7.03215084317975,11.4700791341522,83.6788586940947
1.10639193027552,9.83896048007842,12.5377781512178,66.9758505865336
0.397062472538186,8.33087014622845,11.0684307088148,64.2282339016905
0.25529768133712,10.4663105825078,14.8421351818698,55.784464867501
0.729119296389979,6.45146328372901,6.97295563320428,85.2251346368816
1.42484856314575,6.19793759297592,9.3436995415281,92.3088761075291
1.13419963378734,6.68980176643908,15.2659171740898,80.3755262275565
0.12575602819295,3.56455748436703,12.0118072151294,79.1381077507283
0.76803561401868,16.0403339881451,12.4010652842942,52.8275458017294
0.364266761415684,5.02040237384185,11.5544187717673,73.9579148131682
0.535545256995972,2.77005317979094,12.7642914367726,58.5435416827282
0.0920343085646936,3.19961044656125,14.0908153146136,62.8689308793507
0.611782715768259,12.2884687810901,16.2148687660023,71.0884912212006
0.0886559399673926,6.47410583268463,16.9076719026714,64.1899407186796
2.3961205562092,3.68164594715669,13.15842005535,91.4238661204376
0.893042642843404,7.3450448267982,8.82656622856251,65.9115878270286
1.2209904663422,7.55434950794223,14.3257264077124,59.5392181992809
0.486196754031881,12.3321242644583,14.0454052754409,59.2440934390815
0.077258911445569,12.0630766231946,15.3433475148807,59.4070707583674
0.851518308299395,9.43281014550459,11.4896486103271,78.3684865490882
2.62588529448816,5.51812072407476,12.4222566414196,64.9669282298267
1.72867628360835,11.176268319607,12.3518563802819,58.4498784058291
0.0370607244947127,10.1973017988973,14.8206126113502,58.0951315050326
0.571931040677549,9.27633211767615,10.1893845420215,83.5475769485491
0.00994129782964108,8.13329661631519,17.9124374221267,53.5565393165707
0.326651529344887,14.2146884390837,14.9434635172921,51.5137295655698
1.25552457435452,12.8462480727006,11.2017559478095,59.9783826477305
2.37829225214033,19.2094333646686,3.85682950081101,54.900316981228
0.0273647144530421,10.973384635703,11.753282599042,81.9961535494699
5.03211863066616,1.93387606909269,10.2209293046211,90.8125542561009
0.785914322592376,5.01073423388879,17.7992235065358,63.0608434178337
1.86483972853606,11.6719543338462,5.46615751122271,55.2909341392691
3.88004029534909,3.3695247392871,5.88103954985357,80.4903342259757
1.70268334363874,8.32343942476414,6.83540254041674,62.5466538508951
0.434095688973961,9.13497692960867,14.4923896394789,63.9128123122691
0.438387302001364,4.64820336570864,11.7825734688669,71.5847537188791
0.738455352699684,13.4043911689706,11.4457543881553,63.0850467819426
0.337150093668724,10.5275394283654,9.82312838202428,87.6066190706575
1.47446059973705,6.93816676535877,10.3552835343111,70.9238160789405
0.528210782742124,8.97427120822236,13.4098164782485,56.3070241799426
0.617880785523414,10.2140347569643,16.9565988444542,47.4352500422244
1.07854468081895,10.2288759247417,8.20216618137943,57.9659317092731
0.650947112322753,2.46664750712369,15.9808211825075,89.1149825114148
1.90784184929257,10.8015813645901,13.1235596123216,62.1293840822859
0.0307795794657249,13.6221204984736,12.7054912432435,53.663087345043
3.76930112621454,4.79611630730005,8.84912874161907,77.5671100582437
0.611755121889978,11.5555107751039,11.5749267812871,55.6512930970012
2.46815670578529,8.95496984898517,9.1456638134892,58.2132466529217
0.883369315667107,9.49263721038805,16.3758541099835,73.7915420347331
1.09126670455768,5.20487991032438,14.696931863684,56.8164999236233
2.11248344245535,8.58350460966881,9.34978001814614,75.04220965416
0.530609923892564,3.87106257909336,15.5410532734072,88.004259167391
0.204106298953985,11.1776365232729,15.4440187897104,40.6158482147684
0.119872242300916,12.1872049000719,16.2593041369697,52.1310990992063
2.67150903883639,10.8981080114028,10.4994681571754,61.70427701704
0.471657159845826,10.1114052173938,13.9081505132758,66.7210022141438
0.461478615541363,9.81444331553841,10.2909604575273,68.7085993428373
0.366444902223418,13.3382640301233,16.882056135486,57.880251810002
1.31731733594869,14.4243207817383,12.6616711220025,57.6589254623113
2.42403725398643,5.15189928850069,8.88360017981467,66.1028089817584
1.97483647161565,2.96090131328976,13.8579809899975,91.4673533074654
0.591009746561905,6.05896234041014,16.0112991055768,83.7349300996868
0.264687520264664,5.04334390478177,17.0865877817146,60.1716832445879
0.172179361336366,2.03886201948072,14.5854009080073,70.1860708494053
0.388503856418719,7.9862098936075,14.9750476717152,65.5835300872636
1.0086988438406,4.81621185091385,11.2919016153442,59.4238647149278
2.21847882959522,3.00953024895593,9.92665002617576,81.0528204552136
0.427969687530893,9.77468172045852,15.0715828652382,74.7611984311957
0.417941748718412,10.403221364285,19.0891010395489,54.0574188248408
0.0737101494413967,10.2946175459594,16.18842853776,68.5618832885663
0.786611093412508,10.7656816491098,12.8319489779402,69.3765080402812
1.88397932748747,7.2321604966032,9.42090991996173,85.0779554968419
0.28566970086956,14.0317507269693,14.661583911803,52.337790007138
2.43391808688038,8.71782885246633,17.3302696235835,40.2027416299371
0.288404184078537,10.3676123849991,15.9410815306281,66.2871304372818
1.89988160522091,14.6956629075977,15.2481081422116,45.7542409429532
1.92676373613127,11.4934308373957,10.3205370622053,49.6605632698406
0.335174253939465,11.8816115913709,8.60904695987255,64.9627994626727
2.19395916255565,8.32336634676014,8.40607065423951,81.0730665709893
0.0452596503219928,11.784842615157,20.0725252505312,42.3339045054012
0.177595480230498,11.62045615822,16.8231655585801,45.7282921889888
0.799896173617206,8.30594106633626,13.6512936982231,73.4692193375401
1.96866615663835,9.22898528664966,10.9694021721209,67.9987418737961
0.22978740210798,14.7819383691876,13.149878042097,51.7780356448955
2.49768029277385,7.60778582451166,13.9050839707448,77.8118795113223
0.930562214397649,15.7009043747399,4.75666013695517,76.9414835631357
0.418282569937703,14.7480629398074,17.9401727209167,63.4644844463599
2.50701967812576,5.88397490428964,12.2309884005701,77.0791945331975
0.435297115281751,7.49049446160976,12.3855716439725,70.6986262283845
1.24015343944357,10.8826909626731,13.6932596631272,78.7803009760417
1.86144404531152,9.84887484643916,12.3551029714692,63.8550088222204
0.075654624880054,11.9737591192501,18.6743465518009,57.0840783539532
0.0288587926037714,10.8558827977165,11.2370728681235,55.5820670362531
0.0829619581302261,12.8336394822491,14.9557032091327,68.1483616256065
1.71154007773582,12.1755236027522,8.36186512878984,60.3183099723216
3.80262777789871,8.04052841972873,4.98528970493539,64.329727514076
0.135822118383627,10.2896163606153,18.1883597165075,47.3818782549405
0.83806542937071,9.3602499012733,14.0904013173592,63.5328308516534
0.730970667938172,5.35197481732816,14.2200842954467,74.5232199844984
6.28556571738183,3.52864660149929,3.95468871516656,80.5809253976921
2.98334924046362,5.43731418880475,10.8623771524325,69.0643680501434
1.23482527260705,16.0836025108897,11.2110556489197,52.8650684748668
0.276637204379257,4.88240901909548,13.3284020387977,84.9274014870378
0.725639944223898,11.3635888711176,8.53446080654305,65.2177315838914
2.70300203681364,8.5589399929598,12.4674107933558,76.1920020845764
0.929848150704482,5.12416897649295,14.2678451198014,65.7609353200921
0.967968032243346,8.48207244222784,17.1147012046176,69.0834782236794
1.63454159158475,5.63384557139533,6.10492880536602,75.7666707658097
2.83405894040168,3.87868116316031,17.7639453094665,75.0272792464359
2.57708292748886,11.8536233600912,9.89979866867714,47.1051121363797
0.533014214941829,10.7189480300194,16.2597269898674,50.0549774831123
0.885169562092923,12.9625178190544,15.9146011119657,60.2336849851466
0.0442108340206399,14.6502993533894,17.8820722507469,58.6384034773955
0.320478519900652,10.4108262462745,11.4512423378674,67.4803627612456
1.64753639175378,7.26534089965607,14.1027035724563,79.5146715506363
2.04911613671832,7.26816798734493,18.8277721288207,59.2476326308326
0.212020871527259,6.31832786144479,13.2935376437682,91.2412059573003
0.685631973194259,12.018061363736,15.2944946412309,61.2473116375769
0.328642507039626,9.04880332023904,16.8670413548486,57.0536130181705
0.161553598138374,5.40817395737363,21.2664014638185,70.0350643943633
0.561746568840854,6.95532886882216,13.7927237263018,92.6111885312768
0.127028239486503,9.5053842950756,8.48063461083614,72.0931723820747
0.167965991930894,10.4273087988808,18.6601885307574,61.0475484935367
0.220086864407453,13.267919905328,7.51185369378428,65.1331261823025
1.3332084717671,5.47119990421881,13.9016943315728,70.8706402670909
2.77474738504882,7.85886498354417,9.94725874767796,64.4457275736857
0.362473375594763,17.1779438007591,12.8369628292536,57.825865319511
1.47904763106617,7.10101265192381,16.8202585121554,71.2865947118873
1.53495228025936,7.90091604835597,11.4039333121211,73.5570478529302
1.71854443442907,11.7907002969185,16.5756672718461,59.7596051814059
0.440306348106424,9.17454108063428,14.863460238734,73.3098167740808
1.00702389946318,8.11846756039672,10.4026505919249,66.8716613380454
0.413306117877614,7.73601961228282,13.3220636584362,67.9882222204205
1.47739956374604,6.13979313524565,15.2862944553459,77.2036138898689
0.126973205752778,16.0854580099588,7.64753501303603,55.2433924589376
0.551510306771958,7.61629219201703,12.9850518757207,62.1839398566755
0.458854375843826,3.8215247710017,12.7979037269586,52.5417477872885
0.370680246398101,7.66036250148003,13.9803450466086,84.0095052961854
0.191849374964453,9.89236880079388,18.0600276375437,52.8913229364349
0.0289207396598425,3.55243508678783,11.079379024696,82.1673368660749
0.959704573421104,11.4003418611801,11.9725854929421,52.6951981436599
1.23290532759399,4.62083746816914,13.8090505171118,89.3359755643295
0.822201955380381,4.04549159318931,15.6772984919735,71.5096515788815
0.171244118316778,7.11291126446847,7.90058211794897,79.0314130538984
2.32327422401013,12.1369044666198,11.3735490479503,65.932540262964
0.26193138011757,14.8841499684234,15.3437808901921,49.8371649134301
0.671520836621505,11.2237811019577,13.6024568651274,71.4292127653408
0.913553139636195,8.26384052715149,18.4532633088538,74.8077406777124
1.5727057629633,8.86029072417361,10.8405204807903,57.6771962714876
1.96314585849165,5.72905675404409,12.3324716194391,68.4805773237741
0.14009099526568,7.94338145678689,13.5406169432432,55.0138968144281
0.0469700479448648,4.65423860265608,10.9704357659729,95.5021791728636
0.501973370837744,9.66743801357162,13.748295369929,57.1979746354215
2.83593532747947,13.5423550899323,13.968769852593,51.5880664798817
0.953431111441316,11.3964462212731,13.8706969956229,59.1949037230958
1.78371069298302,5.44055448420013,8.55609736441216,88.1580782635821
0.16784972265952,4.41907250922451,19.2219521872601,49.917248866508
1.75297506022345,9.75176295878581,9.22328944791035,65.9828989333496
0.176675673704729,7.7702496289166,12.4132958941881,80.6404392169323
0.955402277695638,11.9159484093613,15.3027401643748,56.4592267460561
5.85160200397528,0.26526938695022,11.9733794936268,72.3149250004913
2.46934240963208,6.12240041888087,11.6024431511638,77.649280389373
0.855832277294738,11.5123615616791,12.547171868222,53.6999750202037
3.56427769408942,2.99940132759335,15.580603406107,69.6389425870907
1.57793138736978,8.20876972310337,7.4679666865343,78.2113488996784
0.518538178145112,8.71088706011467,14.8472248887852,62.5675346247415
0.470489098127837,8.3863293180146,13.0546474711645,56.6114907955596
0.893780586489732,7.32444890948414,13.1641436845401,82.3534526934457
0.895276491424995,9.75384107676189,8.16902122815354,61.4577371621826
2.58440852140752,6.32245389874182,13.0984794553795,74.6606389677563
2.4750241975827,6.0773990156106,5.13664257703686,82.2376337401886
0.343257428018787,8.30288384703151,15.0207546016434,75.4412642365575
0.319494734349951,7.59497699928956,15.4321980765707,75.7211534119902
0.187221503013852,10.1531574795532,14.8329665959008,57.8119763765358
0.765252314090666,13.2172986981943,16.0164759454389,35.4997658207319
2.27096076012668,6.95327117842312,13.8041911948368,64.3018604399293
0.731493787420698,10.1143052856204,13.951407576571,69.8604749570891
0.0383584573160862,10.7422259399955,13.4906671496351,49.7770666029055
2.45977011260594,6.15511073583041,12.2216010706777,84.3780549614697
0.374707221408041,12.9381636283997,15.1345745891085,46.7621351811927
1.31054589246628,6.83956907702464,14.3425648728832,58.192348559642
0.406397777416585,11.4355199491461,15.3452127694544,64.3984690662769
1.34946635993733,5.17483946855895,13.0984939375068,89.5704580481489
0.838962039980924,12.2084392492798,15.7942225747508,74.3240522892646
0.339020829763177,8.69527677992277,13.014496742976,72.9691736668157
2.95861889233091,11.7013242716925,11.2032324058828,52.9853309155312
0.89727710114729,13.2029248168906,16.2198612595749,53.2041900351921
0.35477322956877,7.71180648061058,11.8945857118601,74.0730940931549
2.20992884736779,4.76229482093106,10.1873540290787,82.4941212765671
0.602707850299553,10.132157699225,11.5332777212655,80.0749429547965
0.111067522934553,11.3664603963835,15.0074291730262,59.4639572464299
0.887628384217683,7.38200413487026,16.4009791255261,55.7919424718148
1.63444226606434,5.28973418401001,9.68715111138837,77.848917456396
0.0826971940197087,10.2343243848342,13.1198347932989,72.8796807994544
3.49896558766084,2.3236786993957,10.9744021580236,81.9692975634359
0.30110403919459,9.41948210417362,13.0873242153047,59.9120951511666
0.116816087832325,14.048549945054,9.59060513920319,58.2552733522867
0.99052777023122,7.25789735261869,17.2755723717785,61.3235644365364
0.976801034074187,2.75800108171235,13.089424276335,89.3012967323517
0.4286358909818,8.25308726730858,15.6391789888452,58.9607987940187
0.386264075214024,8.94687525966451,15.0925630020953,76.015428161569
0.919007227137007,9.20782665610553,13.1423863177137,75.0492830417669
0.057073993855,10.5697669975133,14.1869454389513,73.536380909657
2.77024093654599,9.60414978090911,18.0364693944925,48.2630428932078
0.813146630396246,4.69187788755006,11.3497218415656,75.8916791075288
1.54607426232737,8.68302713498947,12.8988394859662,47.3143446995725
3.45085071073148,8.41994089081778,8.19542999080631,65.3260843982574
1.89312301417832,9.75477128659515,10.7427539272615,65.2865522276211
1.01930720767321,11.2948855704518,13.7433382476263,54.1884119693025
0.133024316385542,11.6308562645472,15.8681356181692,53.2867618464072
0.219327597958471,9.86951167530798,15.077536282185,73.6055261575087
1.27577014205527,10.8433290632478,12.2571364498821,60.6138307692114
3.77492824702802,3.89088022047065,15.2156221077762,77.2039509583479
0.771177521576259,4.98539432282854,14.8850923418744,79.2761505536705
0.20129413195301,11.8413422316136,20.9029069167472,46.1139044382846
0.512140485804577,5.42492615004883,10.1936262618431,72.1971982190534
0.159026668893506,7.37908548870822,15.8241758095054,92.671337606788
0.443787930877175,7.36375518076806,10.5249795997831,80.4893204331494
1.18392448049216,11.0775576113461,16.2509056373417,40.454165448356
0.377643677397617,10.3321402787842,13.4559248781041,73.965811529929
1.06212641404493,8.86448290543514,7.33235302692237,88.6793164368177
0.723056492377021,10.7761178074722,13.3439339824135,62.6475355411794
1.76160630510425,9.3495540526976,16.4417862759566,51.8593557667601
0.947037732353495,12.4605002739524,10.674418250787,55.6771154042906
1.39428119886664,9.74937572646558,11.7684857624125,47.5003703335429
1.21368619836554,8.34409511952661,13.7017992614223,80.0315188000376
0.480958114741494,8.42268400867865,11.8040869928999,57.0324814408697
1.80004535263777,9.87943106096038,8.55825313306623,60.1512499340579
0.0579103388109615,8.06388388559125,16.3012972095854,77.6366357956257
0.828994010277519,11.7564474669808,6.01698349793446,79.5172056413718
1.85100803276906,8.79644253755445,10.3014218970709,69.8349516286607
1.81391484881002,16.6396303495524,13.1040790211489,36.0499834633465
0.235854629589926,9.57993817918988,18.6763495180813,80.7951709787093
1.66603041625753,3.16165330768377,11.539665877218,89.8718064837851
0.739513166695714,13.4702177286015,13.5683305292587,76.399301305736
0.470155195670412,9.93519358722045,15.1857920651819,85.0362664721781
2.76455334230674,4.9772498388103,10.5614264847699,86.8079554368043
4.01668854101361,4.32105288247287,14.028145857856,83.654700927199
0.35890064881749,7.10157504399035,14.6635110032046,74.2188325448539
1.39153108064754,8.16538456531087,16.3487824355747,77.1664488505172
0.0437399239694582,9.14870521301806,16.4092076517915,62.5416182933039
1.35916742235298,14.6259260137263,6.50340356476023,63.9625129455071
0.939665132759682,6.85569056179146,14.9740781594364,64.298056458505
0.377784872519417,8.73680598592873,14.3221633615184,49.914866413299
1.19394915914343,7.25126836305017,14.3966976350374,76.8828810293033
0.0157625252390699,12.2655452395731,11.573220214191,85.4787903507113
0.232154690504382,6.76522628392656,12.2384260964567,75.1718612744961
1.41010062179285,14.3537757140383,15.5904638550005,36.6694262148753
1.61563191373011,8.35117593842124,9.16903644938062,71.0422068036876
1.63569881650847,11.1920366448974,12.5412120349504,69.5041136475061
0.349991631860549,11.1111518964587,19.560040695729,67.5809209484264
0.422090153845866,9.33707905730897,11.8898018026216,92.8660489159129
0.189080278840179,12.5578669581158,7.27353749924358,67.358863802744
1.49756431268126,9.31782809726462,11.8460512576373,56.667431283071
0.741617499195669,10.0008657664282,13.4250506812953,51.8664217626555
0.691181329875797,8.24958152530879,19.7073224039906,45.6332578984216
0.302504026359996,9.03221688582743,16.9307897865959,76.7683817706333
0.33381976743366,4.97016963082555,17.655701339559,73.5486887369708
0.408664945689606,4.94656522702881,16.3372467140452,83.5306417932813
0.0569626655879163,15.7114526692999,5.05792407215981,61.6226519771446
0.599430433389886,12.0960239283585,17.1597474701045,71.5153967470014
1.14294631793856,9.25353548263142,15.8001655550029,65.826151511895
0.068032686637176,12.158176808425,12.5772446962087,58.3714444048033
0.422062569668545,4.92426057743541,9.34464498023416,78.0074612782083
1.33387698992583,14.2186930177034,11.8841257936358,49.568357833758
0.167016168447215,11.5029918671938,13.6820535274334,60.8929710681097
0.0325157625156082,14.2968524035997,13.7342455734948,63.7028563066078
0.335430048578122,9.54220423735934,10.9675501997148,49.4694907665352
2.19648467725943,6.97715234347508,11.141422346773,69.8536365400727
0.527876000286085,8.08584196523186,9.80199528800291,99.2984995964642
0.171677321867749,7.07266637918087,13.5291806775824,80.4774490233637
0.191659637916202,7.97565549688921,12.7957048567502,83.5050413097992
1.68908139819654,10.9181872901126,10.8917091455903,55.9432143091922
1.19581934114776,8.58905064438896,13.3161011941815,80.429301720372
0.068303673009696,9.55836285536566,14.1490791050229,77.2518450109081
0.227193053974156,7.51333563725591,15.853156151686,49.2895797616391
0.112564672826428,9.23550535578044,16.6644104891474,82.3278132090412
0.43125615480062,4.32306631394855,16.3496045398579,77.6494235731138
0.421036662527469,9.77953668427615,11.2830567811579,65.7944895475375
1.23101189856728,7.21747446316004,9.6200495437968,71.515122831388
1.99793636877903,11.7144267812174,13.7586354784016,54.7375413619317
1.01130723958895,7.54262110034617,15.2843055399468,76.5087602028602
1.06833709356645,11.4045565171215,9.77352569728368,74.2967212067499
1.18687309353405,5.08318228706458,13.2916965036678,69.5603760727382
0.0750978196803918,3.5284746003681,22.0728925208261,62.6056525583713
0.676845776060867,7.96165950140149,13.6195937399561,76.6013222495407
1.51997293389129,9.5677996611963,9.14085988428663,64.258889485057
1.22962080307741,8.22701657624502,12.7392573542157,58.5108550750365
0.201663784290569,12.031810519843,13.8085329768137,66.6861966477755
2.40974306604852,6.78457068367633,11.3041948972901,81.2911606355198
1.26651490278426,13.5920334372666,7.17496578081511,46.940208925809
2.08127792101661,7.39961613132151,9.39358285641767,80.3277657119914
3.76725342857078,10.607504646337,9.82020003884009,78.7346003167002
5.12138774609462,7.41119168334719,11.2786055113021,59.1971490794237
2.71570743094799,4.08948071250622,13.3569266565114,76.5874617869855
0.177920651014288,11.6598411762032,14.0816003630727,63.6804953397358
1.15874866991742,5.85970847614616,17.9271084733191,64.8281793049635
1.75834006503219,8.81647292746984,12.8156685051106,53.4081832950688
1.25978856721642,7.94022254925865,15.2510313001946,69.0493759384842
4.79747678691857,4.58432151469959,6.39669230056973,84.5881496333302
1.89889522791347,3.28061290921069,11.6779142797758,71.7404349356983
0.0729784327309906,8.96754480903317,15.6196256699437,67.2142637899961
0.975533090149258,8.37771165812127,13.9467527057292,54.968165318241
0.528964039990608,13.2531408024516,11.9843109464778,79.750658098377
1.16181497587946,5.88438516453145,15.3437067207723,69.6276162774573
0.513327205705643,9.33448910223198,9.22016248033285,60.9716825198155
0.174378936083478,8.68847133088351,12.8857248854214,79.0760742737817
0.935700200081761,5.3700378186467,14.5394531261705,97.6424062916317
0.296221039753219,6.3025860939051,13.8234437879007,64.1191205678721
0.124576726336348,9.09818742449266,11.6019794204054,48.3376546808533
0.719454227835104,14.50449922699,16.7704729603242,67.2277933454886
0.261031113759366,10.9649824836058,16.9691632807523,65.3066977537318
3.1417804727579,2.02148542944977,9.76145003037303,89.9453222301655
0.822781569421276,10.6141614407565,11.9765576495884,54.314338611966
0.716037042790292,13.2072242796278,13.9698107729939,71.7833996265166
1.62266503643653,8.41221475635427,15.5079644375668,79.7377459248763
3.67394788247729,6.5751183194735,12.4828552875156,72.9451032967249
3.71531137334276,6.29807770579175,12.6489586318227,66.1210276190436
0.468502330261133,9.7191926376182,12.9082575027522,63.4748016914871
1.40959699973738,4.1103873423324,11.9318213423623,80.4312773730667
0.41566563045173,8.6276519233774,13.6535911362718,64.2346143774395
0.235580652773877,7.32940432698792,18.0051842288483,61.2701629106602
1.0946760538683,11.2676263657219,11.2126210343323,61.9562496931241
0.399315734868449,14.982557116325,9.49942767718243,69.0852198534572
0.549283542420964,9.09459273538166,8.4430250232433,83.5807702627304
1.96786792101191,10.2287175086925,11.6317088351397,55.8882086783492
0.517936214181186,8.86486464990441,18.0125369278319,63.5129495636737
0.401707166254801,7.86744420780767,11.3030337127918,68.9057772663746
1.16585642781197,3.96438009060048,13.9478308239336,85.5028569747129
0.303723172271336,13.588503185029,12.5353545703235,68.7824733180893
0.237684128032633,9.69064282558804,18.2412551629445,60.7999304216037
0.0879276133217025,4.89087960305028,20.5039274345509,78.9091755386171
0.823367904422843,11.9895379351773,11.0954200513,58.0753053637933
0.964429564335791,5.90102049325527,21.858937457381,60.5456311980408
2.12867227047773,8.26784583530575,14.9165733612602,56.2747644709639
4.46915482899558,7.56436684083085,6.62166006013848,54.3868508414926
1.05562154859848,8.37850421496424,15.693592831204,76.4588598450163
0.482042265243897,7.68305303881143,8.784939081305,74.9015041405372
1.9343755390532,4.98480164640287,11.637722472629,74.2523287794797
1.87142418149448,12.1681549208424,10.4044575664838,80.0627835693509
0.172684731854292,14.6010807323559,8.48269845552583,70.3771538473895
0.490608516767313,8.26344147645718,12.8231513946208,72.5607755336311
2.22492727567601,5.09347703946495,9.74930674881028,75.5480882046269
2.20121584080225,8.91572676066868,11.2229821120821,67.0514798312851
0.061671137485518,9.59108211911371,11.2996128252458,68.4658307895882
0.671779773324245,9.51469581483642,14.1596453866095,50.6020962083928
2.84313951375827,8.66714793588867,13.0745138174387,65.308009500395
0.125367810277125,12.9337949509559,17.6531274411266,52.5393436491825
1.25213871189623,9.23087210793014,11.4979537417621,56.2151294694532
3.13576081888555,6.9278957003684,10.8179856890952,82.2490510343597
0.125897239152714,7.79819413415846,11.9925198733659,80.4840980320552
0.0448683795788777,14.4416442795625,17.1149061094856,66.8178923897501
0.0417046229337248,11.3616574460352,13.7642455281027,67.7517037671196
0.803642434575699,8.53706123033929,12.5870645277664,59.8053113676732
0.522157482598994,10.932879500558,10.4680315663133,70.7552426598973
0.836437046593647,12.8241206125388,20.4934371947791,41.3126526556498
1.14036697162389,10.3588978364712,13.8118499103595,68.6186598959014
1.31126818983609,6.12398657621958,11.2607482643209,72.3029361017371
0.072151841792739,12.5735934895339,20.1988425643082,75.0100503306422
2.0821653546481,4.4008386439833,10.6428447321463,96.6573368087078
0.0118863032386928,7.56354640439876,14.3560201283595,59.5202270283557
0.00192669708550616,14.1793901659007,15.7017010292224,36.0130113573759
1.85269616862564,7.06425582798376,14.7853022818165,61.8229545383536
0.437250593560362,8.68540525606055,17.2876432640681,60.4194923199786
0.408598636831831,3.45798387328936,16.7407898483916,76.238440931928
0.811406661161868,13.8134809099588,8.50603249943986,58.1631435804393
0.802781050643853,12.799399538496,9.43694672959401,58.5424061759622
0.979440058585239,8.72597187597223,12.1648375324515,67.9985882347872
0.931609493670784,14.8165608300044,13.7867264568145,41.8231909973134
1.5746236122742,10.1560735942947,11.9669358561204,58.0155814382236
1.10851640710251,12.8259735650963,14.7877722716132,71.5623670690687
2.80935141552272,7.62811838785144,10.3547720051877,50.2228640787703
1.21324377049019,8.21423514400044,11.8107295674958,68.041449018454
0.421867038729695,6.44968774198943,13.3625025294881,82.4629725094312
1.68619733756087,4.25107184188727,13.0106574739863,46.8981236305767
3.78679880258258,1.4582283019055,15.7906160498687,74.1363316469714
0.120818643806287,7.91710079280129,12.1851962948109,70.5320285200472
1.01917013480071,7.22290145898115,11.4643162260272,65.3645406170682
0.758385703947452,12.7877001534832,3.62531202697721,73.2211230260854
0.435478178730743,7.22521694737714,14.5312859931357,56.1290896279126
0.0976563788979,8.86304818692892,16.5562340902714,78.8848471071709
1.48171454546468,6.88151594611757,19.2009331117278,76.5017930017924
0.169919758563951,8.59247169824317,12.69628619028,59.6905461146223
0.165344482838868,5.73511695561347,12.5791980458126,81.6899863759017
0.0711847879876469,6.19830451882977,15.2505324001184,70.6470494068686
0.165677484529906,8.83995296065221,15.4364716205149,80.1872385935577
0.963437801818933,9.12118363929554,7.1742796723152,70.4600848513236
0.564753435403207,9.78663613710054,13.418522135079,58.4948895054495
0.691191052955896,9.95251150783811,16.9686097393728,69.6358577919432
0.355519802423821,13.0323614468673,14.3589834975738,50.5795121622032
0.140654674490985,13.1666404409953,16.7221083005389,59.1625236710971
1.92503027126524,4.77745190005041,13.4557569229867,59.1286904236078
0.42023780074762,13.6656708988946,17.5205566924542,67.7984243232885
0.0704040180741836,7.57540695402399,17.8525898811479,75.8711330812083
1.23469916270285,12.8288115542844,11.8829863156794,66.621261443082
1.21046649766619,12.2753014843498,12.1240629335458,40.1206201835681
0.282072436909466,4.18580029876299,15.4661301294878,59.5657516130695
0.490854327746486,16.8861538717979,11.7691728911816,58.0646588802132
1.91970015706421,7.44102360029503,11.0356312475017,97.2043674625611
0.454959452303858,12.7000062891247,9.78684322288806,61.6852659082203
4.07913642782549,6.28434096541327,12.642291350279,72.7086421729213
2.30979567185164,8.64379360306355,10.1590029351736,85.6673314766733
0.253972730229907,9.75629576252996,11.4141013179005,82.0971185626766
1.46488837872237,6.83158220121185,14.5702580167798,62.5141941048058
0.978635009201052,9.82239376155078,14.0256009836723,72.1992948000808
0.282078510011634,9.12868396929115,13.5282237737011,64.9448528454666
0.824187131627957,6.9917296580533,17.1497597214092,73.6893621657197
0.432088496831475,8.31949291902014,13.8876212526306,61.4751231700406
0.636711202206536,7.86638208427348,10.552496620384,80.4531694550328
0.271241359691939,5.96984338767466,12.981055588051,79.0998104226656
1.29708142824097,7.03748701785499,15.1614425406328,84.4007092567051
1.3910864203075,11.4809828949203,10.4135099289767,61.7564375647551
0.669158123561472,7.82810968189821,14.903130351542,65.7373141148422
0.150622599970715,14.1048696199813,13.6557584105808,55.922717690735
0.661992369125982,12.1908825299117,15.1668123818526,72.9636731956533
0.595855799646662,11.5750934156955,6.38192857970163,58.8260820944727
0.276791914049782,12.0570309611364,14.4618981126275,71.039173852891
1.42584629472109,15.9792700830032,16.7133045222967,55.0049989241191
0.0354896965651719,9.75639612318893,16.0586330531161,59.5440487062984
0.414546336354763,7.10624751251541,15.9460156106416,69.8501493306266
1.33380781206953,11.8763855477431,13.4466895038057,64.869853458918
0.463108346935943,16.8930149645396,15.7489134882271,58.2060240215472
0.143892480466658,6.26778988728062,19.111566661483,62.0023087952188
0.458495736416079,10.464084871098,12.8672412915367,62.9897546528791
0.233979484910025,9.54644256616947,17.6838552623892,66.2017166393741
2.00260943690304,3.94953506628318,13.3717095784789,88.3889076206452
3.28804536344142,8.05999401873897,17.8055101426654,58.6504848507159
0.808547077472881,13.7996989412762,18.4918511157166,55.1141558493422
0.572590194273139,8.19523214804265,10.428937685953,72.6857367673938
1.64015141763189,4.89980251112887,5.96719221884323,83.9536042316367
1.06177210921704,9.77024354867374,15.9977544060369,67.4315566144367
0.413808744981526,12.2207205309705,9.06749165622304,79.3603732089944
0.314765427560055,9.91059658351282,20.4356137507603,51.6020648161641
0.20362438836578,10.0497941785868,10.2998695630848,84.8649327124232
1.11879515864807,13.0627606067769,15.7616429308346,67.9976681156324
2.31208996292337,11.181710845575,10.7538775244554,63.3147533650552
0.430357170949872,9.20672641683221,13.3460678679397,73.2915776518992
0.416969736534351,7.66587164820478,10.450656567765,67.6860095655046
0.108625995393869,7.99368007813195,13.0510793512676,61.0882795525926
2.38840699464364,9.04984888246061,11.2883659236265,73.3928117039502
1.61494446560078,10.0271220623442,6.66744828067148,66.3591274170081
0.0109698524570911,14.3550517819768,13.2364355214187,56.2637487276046
0.0606600064940598,9.64215927968446,16.0199574293004,57.8131191632495
0.0693910189454461,5.76821062353662,14.1120554015783,77.3410864938213
0.395125919649987,8.40418745743089,13.1553192244097,75.0149675773518
0.496736819286571,12.3911521679008,15.7787235442971,53.2560795055697
2.28447666479489,8.59610900202322,13.6309390562927,67.8708542730595
0.160043109660658,12.5914302147013,9.15718075517767,58.9267441720617
0.55421658407895,11.0359382261691,10.1241690297233,67.9115175139422
2.25294350681827,14.4442211475304,8.19538473476893,68.5992799187277
1.54961149714259,9.31319589192742,10.9573472840511,66.1537966264609
0.0131763774191747,6.60434578781155,13.3597470531055,74.1658619410791
0.659947392044279,8.27258647680019,17.3900221467885,58.089087053245
0.870791061079058,7.4650794095999,10.9151327764787,96.9094163356541
3.69743929657711,3.67167970794844,9.7674096321761,71.401680709505
0.935534747658964,8.30203818952256,12.7305670685624,68.3871259407886
0.364102099526225,8.15998402656248,12.7217089464321,87.1942702364739
0.225740639193563,12.8184621332919,13.7616824489013,60.4959018019675
0.644171492827111,6.38018837412121,10.5909934158053,86.7952557487405
1.21152175898777,11.1233943722584,11.5282992548654,63.4848333103141
0.0271757651585009,7.80788410180024,15.4571641433693,62.2189014278371
3.42556660170756,1.78778212115453,12.0156610904504,64.0392739613232
0.946541889865868,8.87600726063062,18.4116158734976,63.7877825304185
1.7106178324343,5.43970786236767,10.3197725791697,91.2824834256755
0.491306388032893,5.9381685546713,10.6489490041162,71.8033124549155
1.15532453143828,7.73677623675129,12.43751566455,87.4996720418377
0.278737542775211,7.536106974617,11.3726565120693,65.6057774682033
0.7749577277119,12.1391772347893,13.923330744269,61.5440521369445
1.08551602133579,6.00802303774904,12.3413555911925,82.6440426101647
1.04371547170322,8.92741247667898,18.4088459348232,85.0653528058056
0.99259534489183,9.96278431040886,11.4737225052706,67.7690131229529
1.56526555227049,5.84738758466125,13.5894796755064,87.2435286575424
0.528936511350119,10.2798981673418,17.8936997567263,59.3446529709346
0.531012595040831,8.03703983531264,14.425284300762,49.9518123801359
0.458586180095994,9.02686225979021,14.2211095822272,68.0314797378598
1.32938063870551,7.30215518152766,12.1692914635703,77.5966468518924
1.30259642803221,8.42140287502435,13.9964068996208,65.5442649194821
1.62808634823567,7.76640260513505,11.3208194942837,67.4889375179995
0.0136595113008792,6.80239023858061,18.4412681648591,43.5892116137602
2.00897186724882,1.9427819546616,10.6078676189822,85.4188384925711
1.05563938158918,10.8895781015976,12.8708468900462,70.9077175706428
0.175192875939634,9.99734366464114,14.6253690447681,70.0398753827957
0.381695685196808,12.4616991902155,8.62732232384516,64.085430702846
2.43566705173149,4.99688196720608,9.2757552534861,64.5373230069673
0.611238852977961,2.76569182600627,15.9370760600626,47.9089820902451
1.3330904267982,13.2741008557502,13.1831074790389,54.8770714127203
2.30308401240038,8.6193185552062,9.26284406433602,84.5533442926214
0.837145047100274,10.1503608869845,13.0893683177218,58.4763560108096
0.050950613073137,8.64348723454515,15.1562545697074,74.7168902363114
0.881875566706359,9.97906076625688,16.2579776212306,72.3013242484458
0.524907480201855,10.8938417533517,13.8965057605322,67.1331186711592
0.74454771795898,9.26537162372987,11.822539231289,57.1327129578803
1.10390228579305,5.40521828683738,16.9100758361566,76.4608806200272
2.91394068329038,5.26295370225373,8.88354937789606,77.6294148315289
0.197359692431504,12.2111866088804,10.4852260945549,67.078299986047
2.48484946364991,12.8260433546634,9.43571006093051,67.6506443969797
0.991733403787729,7.94563271131831,18.4710545817329,53.0811156726094
0.290425664319579,7.35533193718384,17.433946617081,68.5445978632278
